INSERT INTO solicitante(numrut,dvrut,nombre,appaterno,apmaterno) VALUES('12223009','0','Lorena','Aguilera','Rodríguez');
INSERT INTO solicitante(numrut,dvrut,nombre,appaterno,apmaterno) VALUES('12127676','3','Claudio','Ahumada','Salazar');
INSERT INTO solicitante(numrut,dvrut,nombre,appaterno,apmaterno) VALUES('21546960','3','Marcelo','Alfaro','Moya');
INSERT INTO solicitante(numrut,dvrut,nombre,appaterno,apmaterno) VALUES('22543958','3','Ariel','Alvarez','Jeldres');
INSERT INTO solicitante(numrut,dvrut,nombre,appaterno,apmaterno) VALUES('15687806','9','Priscila','Araya','Guajardo');
INSERT INTO solicitante(numrut,dvrut,nombre,appaterno,apmaterno) VALUES('21024185','K','Fabrizzio','Ardissoni','Henríquez');
INSERT INTO solicitante(numrut,dvrut,nombre,appaterno,apmaterno) VALUES('13230154','9','Cecilia','Astudillo','Isler');
INSERT INTO solicitante(numrut,dvrut,nombre,appaterno,apmaterno) VALUES('09423766','1','Jorge','Barraza','Donoso');
INSERT INTO solicitante(numrut,dvrut,nombre,appaterno,apmaterno) VALUES('15974398','5','David','Bugueño','Barria');
INSERT INTO solicitante(numrut,dvrut,nombre,appaterno,apmaterno) VALUES('12167502','1','Ester','Cáceres','González');
INSERT INTO solicitante(numrut,dvrut,nombre,appaterno,apmaterno) VALUES('20161406','6','Nicolás','Carmona','Rioseco');
INSERT INTO solicitante(numrut,dvrut,nombre,appaterno,apmaterno) VALUES('17479118','K','Cinthia','Córdova','Fredes');
INSERT INTO solicitante(numrut,dvrut,nombre,appaterno,apmaterno) VALUES('14282869','3','Guillermo','Díaz','Fernández');
INSERT INTO solicitante(numrut,dvrut,nombre,appaterno,apmaterno) VALUES('15413143','4','Carlos','Escobar','Muñoz');
INSERT INTO solicitante(numrut,dvrut,nombre,appaterno,apmaterno) VALUES('13669488','K','Paola','Escobar','Slater');
INSERT INTO solicitante(numrut,dvrut,nombre,appaterno,apmaterno) VALUES('19329287','9','Andrés','Figueroa','Mondaca');
INSERT INTO solicitante(numrut,dvrut,nombre,appaterno,apmaterno) VALUES('17161395','7','Felipe','Fuentes','Rojas');
INSERT INTO solicitante(numrut,dvrut,nombre,appaterno,apmaterno) VALUES('12225222','1','Ricardo','Godoy','Pérez');
INSERT INTO solicitante(numrut,dvrut,nombre,appaterno,apmaterno) VALUES('16331164','K','Yan','Hernández','Pérez');
INSERT INTO solicitante(numrut,dvrut,nombre,appaterno,apmaterno) VALUES('14513159','6','Claudia','Jopia','Aranda');
INSERT INTO solicitante(numrut,dvrut,nombre,appaterno,apmaterno) VALUES('12226084','4','Paola','Jorquera','Sarabia');
INSERT INTO solicitante(numrut,dvrut,nombre,appaterno,apmaterno) VALUES('20174563','2','Sebastián','López','Chacana');
INSERT INTO solicitante(numrut,dvrut,nombre,appaterno,apmaterno) VALUES('12222913','8','Rodrigo','Loyola','Bilbao');
INSERT INTO solicitante(numrut,dvrut,nombre,appaterno,apmaterno) VALUES('08347333','9','José','Muñoz','Magna');
INSERT INTO solicitante(numrut,dvrut,nombre,appaterno,apmaterno) VALUES('15072248','9','Fernanda','Pérez','Morgado');
INSERT INTO solicitante(numrut,dvrut,nombre,appaterno,apmaterno) VALUES('12716768','0','Verónica','Ramírez','Aravena');
INSERT INTO solicitante(numrut,dvrut,nombre,appaterno,apmaterno) VALUES('12956107','6','María','Rojas','Aguilera');
INSERT INTO solicitante(numrut,dvrut,nombre,appaterno,apmaterno) VALUES('09179630','9','Alexander','Sessler','Schneider');
INSERT INTO solicitante(numrut,dvrut,nombre,appaterno,apmaterno) VALUES('18032474','7','Joselyn','Silva','Jiménez');
INSERT INTO solicitante(numrut,dvrut,nombre,appaterno,apmaterno) VALUES('16665009','7','Vanessa','Triviño','Galdamés');
INSERT INTO solicitante(numrut,dvrut,nombre,appaterno,apmaterno) VALUES('19774967','9','Jovany','Urbina','Cuadro');
INSERT INTO solicitante(numrut,dvrut,nombre,appaterno,apmaterno) VALUES('19329180','5','Alexander','Venegas','Riquelme');
INSERT INTO solicitante(numrut,dvrut,nombre,appaterno,apmaterno) VALUES('11621542','K','Leandro','Rojas','Villalón');
INSERT INTO solicitante(nombre) VALUES('Comercio');
INSERT INTO solicitante(nombre) VALUES('Contabilidad');
INSERT INTO solicitante(nombre) VALUES('Ventas');
INSERT INTO solicitante(nombre) VALUES('RRHH');
INSERT INTO solicitante(nombre) VALUES('Aseo');
INSERT INTO solicitante(nombre) VALUES('Bodega');
INSERT INTO solicitante(nombre) VALUES('Truper');

SELECT * FROM solicitante;

INSERT INTO categoria(idCategoria,nomCategoria) VALUES(1,'librería');
INSERT INTO categoria(idCategoria,nomCategoria) VALUES(2,'Tintas-Toner');
INSERT INTO categoria(idCategoria,nomCategoria) VALUES(3,'Inventario');
INSERT INTO categoria(idCategoria,nomCategoria) VALUES(4,'Aseo');
INSERT INTO categoria(idCategoria,nomCategoria) VALUES(5,'Bodega');

SELECT * FROM categoria;

/* Inserción artículos librería */

INSERT INTO producto(codProducto, empaque, descripcion, stock, Categoria_idCategoria) VALUES('11483','Unidad','Acoclip blancos plásticos',0,1);
INSERT INTO producto(codProducto, empaque, descripcion, stock, Categoria_idCategoria) VALUES('36545','Unidad','Acoclip colores plásticos',50,1);
INSERT INTO producto(codProducto, empaque, descripcion, stock, Categoria_idCategoria) VALUES('21442','Unidad','Archivado letra café (1/4carta)',2,1);
INSERT INTO producto(codProducto, empaque, descripcion, stock, Categoria_idCategoria) VALUES('12177','Unidad','Archivador blanco lomo delgado Carta',1,1);
INSERT INTO producto(codProducto, empaque, descripcion, stock, Categoria_idCategoria) VALUES('80959','Unidad','Archivador blanco lomo grueso Carta',0,1);
INSERT INTO producto(codProducto, empaque, descripcion, stock, Categoria_idCategoria) VALUES('','Unidad','Archivadores rayo',0,1);
INSERT INTO producto(codProducto, empaque, descripcion, stock, Categoria_idCategoria) VALUES('','Unidad','Block anillado pequeño cuadros',0,1);
INSERT INTO producto(codProducto, empaque, descripcion, stock, Categoria_idCategoria) VALUES('','Unidad','Block cuadriculados oficio (block fiscal)',2,1);
INSERT INTO producto(codProducto, empaque, descripcion, stock, Categoria_idCategoria) VALUES('11421M5','Unidad','Block ejecutivo perforado oficio',1,1);
INSERT INTO producto(codProducto, empaque, descripcion, stock, Categoria_idCategoria) VALUES('74412','Bolsa 250grs','Bolsas de elásticos',10,1);
INSERT INTO producto(codProducto, empaque, descripcion, stock, Categoria_idCategoria) VALUES('13768HB','Unidad','Caja de minas 0.5',4,1);
INSERT INTO producto(codProducto, empaque, descripcion, stock, Categoria_idCategoria) VALUES('24355','Unidad','Caja de minas 0.5 Pelikan',0,1);
INSERT INTO producto(codProducto, empaque, descripcion, stock, Categoria_idCategoria) VALUES('10835','Caja X100','Cajas de clip chico 33mm',1,1);
INSERT INTO producto(codProducto, empaque, descripcion, stock, Categoria_idCategoria) VALUES('','','Cajas de clip grande 100mm',1,1);
INSERT INTO producto(codProducto, empaque, descripcion, stock, Categoria_idCategoria) VALUES('56849','Unidad','Calculadora chica',2,1);
INSERT INTO producto(codProducto, empaque, descripcion, stock, Categoria_idCategoria) VALUES('','Unidad','Calculadora grande',1,1);
INSERT INTO producto(codProducto, empaque, descripcion, stock, Categoria_idCategoria) VALUES('44063','Unidad','Carpeta transparente con broche',0,1);
INSERT INTO producto(codProducto, empaque, descripcion, stock, Categoria_idCategoria) VALUES('10230','Unidad','Carpetas colgantes carton',9,1);
INSERT INTO producto(codProducto, empaque, descripcion, stock, Categoria_idCategoria) VALUES('12294','Unidad','Carpetas plásticas',4,1);
INSERT INTO producto(codProducto, empaque, descripcion, stock, Categoria_idCategoria) VALUES('44042','Unidad','Cartonero amarillo',5,1);
INSERT INTO producto(codProducto, empaque, descripcion, stock, Categoria_idCategoria) VALUES('Ingco','Unidad','Cartonero metal',3,1);
INSERT INTO producto(codProducto, empaque, descripcion, stock, Categoria_idCategoria) VALUES('','Unidad','Cintas maskin tape delgada',6,1);
INSERT INTO producto(codProducto, empaque, descripcion, stock, Categoria_idCategoria) VALUES('18757','Unidad','Cintas transferibles doble cara',3,1);
INSERT INTO producto(codProducto, empaque, descripcion, stock, Categoria_idCategoria) VALUES('29260','Unidad','Corcheteras',3,1);
INSERT INTO producto(codProducto, empaque, descripcion, stock, Categoria_idCategoria) VALUES('15589','Caja X 1000','Corchetes 23/8',4,1);
INSERT INTO producto(codProducto, empaque, descripcion, stock, Categoria_idCategoria) VALUES('12750','Caja X 5000','Corchetes 26/6',13,1);
INSERT INTO producto(codProducto, empaque, descripcion, stock, Categoria_idCategoria) VALUES('36540','Unidad','Correctores lápiz surtido',1,1);
INSERT INTO producto(codProducto, empaque, descripcion, stock, Categoria_idCategoria) VALUES('30741','Unidad','Correctores lápiz',0,1);
INSERT INTO producto(codProducto, empaque, descripcion, stock, Categoria_idCategoria) VALUES('23104','Unidad','Cuadernos College',2,1);
INSERT INTO producto(codProducto, empaque, descripcion, stock, Categoria_idCategoria) VALUES('','Unidad','Cuadernos College Caligrafía',1,1);
INSERT INTO producto(codProducto, empaque, descripcion, stock, Categoria_idCategoria) VALUES('32552','Unidad','Cuadernos universitarios',2,1);
INSERT INTO producto(codProducto, empaque, descripcion, stock, Categoria_idCategoria) VALUES('84521','Unidad','Cuchillas de cartonero chicas',3,1);
INSERT INTO producto(codProducto, empaque, descripcion, stock, Categoria_idCategoria) VALUES('89100','Unidad','Cuchillas de cartonero grande',2,1);
INSERT INTO producto(codProducto, empaque, descripcion, stock, Categoria_idCategoria) VALUES('74743','Unidad','Dedos de goma azul',5,1);
INSERT INTO producto(codProducto, empaque, descripcion, stock, Categoria_idCategoria) VALUES('18675AM','Unidad','Destacadores amarillos',8,1);
INSERT INTO producto(codProducto, empaque, descripcion, stock, Categoria_idCategoria) VALUES('11177','Unidad','Dispensador de scotch',1,1);
INSERT INTO producto(codProducto, empaque, descripcion, stock, Categoria_idCategoria) VALUES('29294','Unidad','Doble clips torini 25mm',6,1);
INSERT INTO producto(codProducto, empaque, descripcion, stock, Categoria_idCategoria) VALUES('','Faja','Faja portaleyenda colores',1,1);
INSERT INTO producto(codProducto, empaque, descripcion, stock, Categoria_idCategoria) VALUES('10851','Pack x 10','Fundas transparentes plásticas Tamaño carta (separadas en 10)',8,1);
INSERT INTO producto(codProducto, empaque, descripcion, stock, Categoria_idCategoria) VALUES('14241','Unidad','Gomas',4,1);
INSERT INTO producto(codProducto, empaque, descripcion, stock, Categoria_idCategoria) VALUES('11673','Unidad','Guías de entrega',1,1);
INSERT INTO producto(codProducto, empaque, descripcion, stock, Categoria_idCategoria) VALUES('10001AZ','Unidad','Lápiz pasta azul',12,1);
INSERT INTO producto(codProducto, empaque, descripcion, stock, Categoria_idCategoria) VALUES('10001NG','Unidad','Lápiz pasta negro',4,1);
INSERT INTO producto(codProducto, empaque, descripcion, stock, Categoria_idCategoria) VALUES('10001RJ','Unidad','Lápiz pasta rojo',8,1);
INSERT INTO producto(codProducto, empaque, descripcion, stock, Categoria_idCategoria) VALUES('','Unidad','Libretas banco',5,1);
INSERT INTO producto(codProducto, empaque, descripcion, stock, Categoria_idCategoria) VALUES('12819AM','Unidad','Lomos autoadhesivos amarillos Lomo ancho',81,1);
INSERT INTO producto(codProducto, empaque, descripcion, stock, Categoria_idCategoria) VALUES('','Unidad','Lomos autoadhesivos beige Lomo delgado',12,1);
INSERT INTO producto(codProducto, empaque, descripcion, stock, Categoria_idCategoria) VALUES('','Unidad','Lomos autoadhesivos verde agua Lomo delgado',3,1);
INSERT INTO producto(codProducto, empaque, descripcion, stock, Categoria_idCategoria) VALUES('12819VC','Unidad','Lomos autoadhesivos verdes Lomo ancho',28,1);
INSERT INTO producto(codProducto, empaque, descripcion, stock, Categoria_idCategoria) VALUES('','Unidad','Lomos autoadhesivos verdes Lomo delgado',9,1);
INSERT INTO producto(codProducto, empaque, descripcion, stock, Categoria_idCategoria) VALUES('85144','Caja','Papel craft para envolver pliegos',3,1);
INSERT INTO producto(codProducto, empaque, descripcion, stock, Categoria_idCategoria) VALUES('14193','Unidad','Papel fotográfico',17,1);
INSERT INTO producto(codProducto, empaque, descripcion, stock, Categoria_idCategoria) VALUES('17659','Unidad','Pegamento en barra',1,1);
INSERT INTO producto(codProducto, empaque, descripcion, stock, Categoria_idCategoria) VALUES('83002NG','Unidad','Perforadora PP25',2,1);
INSERT INTO producto(codProducto, empaque, descripcion, stock, Categoria_idCategoria) VALUES('83003NG','Unidad','Perforadora PP35',1,1);
INSERT INTO producto(codProducto, empaque, descripcion, stock, Categoria_idCategoria) VALUES('12423','Unidad','Pilas D2',1,1);
INSERT INTO producto(codProducto, empaque, descripcion, stock, Categoria_idCategoria) VALUES('76883','Unidad','Pilas desechables AA',9,1);
INSERT INTO producto(codProducto, empaque, descripcion, stock, Categoria_idCategoria) VALUES('29592','Unidad','Pilas desechables AAA',5,1);
INSERT INTO producto(codProducto, empaque, descripcion, stock, Categoria_idCategoria) VALUES('76851','Unidad','Pilas recargables AA',4,1);
INSERT INTO producto(codProducto, empaque, descripcion, stock, Categoria_idCategoria) VALUES('76836','Unidad','Pilas recargables AAA',0,1);
INSERT INTO producto(codProducto, empaque, descripcion, stock, Categoria_idCategoria) VALUES('73827NG','Unidad','Plumón permanente negro',0,1);
INSERT INTO producto(codProducto, empaque, descripcion, stock, Categoria_idCategoria) VALUES('11059NG','Unidad','Plumón permanente negro',0,1);
INSERT INTO producto(codProducto, empaque, descripcion, stock, Categoria_idCategoria) VALUES('73827RJ','Unidad','Plumones permanente rojo',20,1);
INSERT INTO producto(codProducto, empaque, descripcion, stock, Categoria_idCategoria) VALUES('','Unidad','Portaclip',1,1);
INSERT INTO producto(codProducto, empaque, descripcion, stock, Categoria_idCategoria) VALUES('','Unidad','Portalapices',1,1);
INSERT INTO producto(codProducto, empaque, descripcion, stock, Categoria_idCategoria) VALUES('41373','Unidad','Portaminas 0.5',1,1);
INSERT INTO producto(codProducto, empaque, descripcion, stock, Categoria_idCategoria) VALUES('11832','Unidad','Resmas carta',12,1);
INSERT INTO producto(codProducto, empaque, descripcion, stock, Categoria_idCategoria) VALUES('18601','Unidad','Resmas oficio',2,1);
INSERT INTO producto(codProducto, empaque, descripcion, stock, Categoria_idCategoria) VALUES('11718','Unidad','Rollos térmicos 57x40x13',13,1);
INSERT INTO producto(codProducto, empaque, descripcion, stock, Categoria_idCategoria) VALUES('80431','Unidad','Rollos térmicos 80x40x13 Reloj',10,1);
INSERT INTO producto(codProducto, empaque, descripcion, stock, Categoria_idCategoria) VALUES('10792','Unidad','Sacacorchetes',4,1);
INSERT INTO producto(codProducto, empaque, descripcion, stock, Categoria_idCategoria) VALUES('19068','Unidad','Scotch',4,1);
INSERT INTO producto(codProducto, empaque, descripcion, stock, Categoria_idCategoria) VALUES('80697','Unidad','Separador abecedario ½ carta (incompleto)',1,1);
INSERT INTO producto(codProducto, empaque, descripcion, stock, Categoria_idCategoria) VALUES('81105','Unidad','Separadores Abecedario oficio',9,1);
INSERT INTO producto(codProducto, empaque, descripcion, stock, Categoria_idCategoria) VALUES('99376','Unidad','Separadores de color tamaño carta',12,1);
INSERT INTO producto(codProducto, empaque, descripcion, stock, Categoria_idCategoria) VALUES('83912','Unidad','Separadores de color tamaño oficio',6,1);
INSERT INTO producto(codProducto, empaque, descripcion, stock, Categoria_idCategoria) VALUES('11461','Unidad','Sobres americanos  sin ventana ',3,1);
INSERT INTO producto(codProducto, empaque, descripcion, stock, Categoria_idCategoria) VALUES('11474','Unidad','Sobres americanos con ventana ',24,1);
INSERT INTO producto(codProducto, empaque, descripcion, stock, Categoria_idCategoria) VALUES('99603','Unidad','Sobres blanco ¼ oficio',5,1);
INSERT INTO producto(codProducto, empaque, descripcion, stock, Categoria_idCategoria) VALUES('11460','Unidad','Sobres blanco carta',18,1);
INSERT INTO producto(codProducto, empaque, descripcion, stock, Categoria_idCategoria) VALUES('75214','Unidad','Tablas apretapapel',1,1);
INSERT INTO producto(codProducto, empaque, descripcion, stock, Categoria_idCategoria) VALUES('26868','Unidad','Teclados + mouse inalambrico',2,1);
INSERT INTO producto(codProducto, empaque, descripcion, stock, Categoria_idCategoria) VALUES('','Unidad','Teclado con cable',1,1);
INSERT INTO producto(codProducto, empaque, descripcion, stock, Categoria_idCategoria) VALUES('Pretul','Unidad','Tijeras',1,1);
INSERT INTO producto(codProducto, empaque, descripcion, stock, Categoria_idCategoria) VALUES('12815','Unidad','Timbre fechero',0,1);
INSERT INTO producto(codProducto, empaque, descripcion, stock, Categoria_idCategoria) VALUES('12318','Caja X 50','Visores plásticos',2,1);

/* Inserción artículos Tintas */

INSERT INTO producto(codProducto, empaque, descripcion, stock, Categoria_idCategoria) VALUES('85669','Unidad','Almohadilla dactilar + tinta',1,2);
INSERT INTO producto(codProducto, empaque, descripcion, stock, Categoria_idCategoria) VALUES('80334AZ','Unidad','Tampón azul',0,2);
INSERT INTO producto(codProducto, empaque, descripcion, stock, Categoria_idCategoria) VALUES('80334NG','Unidad','Tampón negro',0,2);
INSERT INTO producto(codProducto, empaque, descripcion, stock, Categoria_idCategoria) VALUES('84865NG','Unidad','Tinta Brother BT-5001 C original',0,2);
INSERT INTO producto(codProducto, empaque, descripcion, stock, Categoria_idCategoria) VALUES('29994','Unidad','Tinta Recotoner BT-5001 alternativa',0,2);
INSERT INTO producto(codProducto, empaque, descripcion, stock, Categoria_idCategoria) VALUES('72708RC','Unidad','Tinta Brother BT-5001 Y original',0,2);
INSERT INTO producto(codProducto, empaque, descripcion, stock, Categoria_idCategoria) VALUES('29996','Unidad','Tinta Recotoner BT-5001 alternativa',0,2);
INSERT INTO producto(codProducto, empaque, descripcion, stock, Categoria_idCategoria) VALUES('72706RC','Unidad','Tinta Brother BT-D60 BK original',0,2);
INSERT INTO producto(codProducto, empaque, descripcion, stock, Categoria_idCategoria) VALUES('29022','Unidad','Tinta Recotoner BT-6001 alternativa',1,2);
INSERT INTO producto(codProducto, empaque, descripcion, stock, Categoria_idCategoria) VALUES('72705RC','Unidad','Tinta Recotoner BT-5001 alternativa',1,2);
INSERT INTO producto(codProducto, empaque, descripcion, stock, Categoria_idCategoria) VALUES('72707RC','Unidad','Tinta Epson 544 BK',0,2);
INSERT INTO producto(codProducto, empaque, descripcion, stock, Categoria_idCategoria) VALUES('28730','Unidad','Tinta Epson 544 BK',0,2);
INSERT INTO producto(codProducto, empaque, descripcion, stock, Categoria_idCategoria) VALUES('28731','Unidad','Tinta Epson 544 C',1,2);
INSERT INTO producto(codProducto, empaque, descripcion, stock, Categoria_idCategoria) VALUES('28732','Unidad','Tinta Epson 544 M',1,2);
INSERT INTO producto(codProducto, empaque, descripcion, stock, Categoria_idCategoria) VALUES('28733','Unidad','Tinta Epson 544 Y',1,2);
INSERT INTO producto(codProducto, empaque, descripcion, stock, Categoria_idCategoria) VALUES('27228','Unidad','Tinta Epson 644 BK',1,2);
INSERT INTO producto(codProducto, empaque, descripcion, stock, Categoria_idCategoria) VALUES('ALTERNATIVA','Unidad','Tinta N-664 XL Pacific color',0,2);
INSERT INTO producto(codProducto, empaque, descripcion, stock, Categoria_idCategoria) VALUES('3418C005AA','Unidad','Tinta negra Canon GI-10',0,2);
INSERT INTO producto(codProducto, empaque, descripcion, stock, Categoria_idCategoria) VALUES('10981AZ','Unidad','Tinta para tampón Azul',0,2);
INSERT INTO producto(codProducto, empaque, descripcion, stock, Categoria_idCategoria) VALUES('10034NG','Unidad','Tinta para tampón Negro',1,2);
INSERT INTO producto(codProducto, empaque, descripcion, stock, Categoria_idCategoria) VALUES('10981RJ','Unidad','Tinta para tampón Rojo',3,2);
INSERT INTO producto(codProducto, empaque, descripcion, stock, Categoria_idCategoria) VALUES('72705RC','Unidad','Tinta recotoner BT6001 BK',1,2);
INSERT INTO producto(codProducto, empaque, descripcion, stock, Categoria_idCategoria) VALUES('','Unidad','Toner compatible N3479/880',1,2);
INSERT INTO producto(codProducto, empaque, descripcion, stock, Categoria_idCategoria) VALUES('','Unidad','Toner Premium 408284(7K) Impresoras Ricoh',0,2);

/* Inserción artículos inventario */

INSERT INTO producto(codProducto, empaque, descripcion, stock, Categoria_idCategoria) VALUES('','Unidad','botella de alcohol gel',1,3);
INSERT INTO producto(codProducto, empaque, descripcion, stock, Categoria_idCategoria) VALUES('','Unidad','Adhesivo para papel mural',1,3);
INSERT INTO producto(codProducto, empaque, descripcion, stock, Categoria_idCategoria) VALUES('80707','Unidad','Agendas telefónicas buho',2,3);
INSERT INTO producto(codProducto, empaque, descripcion, stock, Categoria_idCategoria) VALUES('','Unidad','Alargadores',2,3);
INSERT INTO producto(codProducto, empaque, descripcion, stock, Categoria_idCategoria) VALUES('','Unidad','Ampolletas 7 w',0,3);
INSERT INTO producto(codProducto, empaque, descripcion, stock, Categoria_idCategoria) VALUES('','Unidad','Ampolletas 75 w',1,3);
INSERT INTO producto(codProducto, empaque, descripcion, stock, Categoria_idCategoria) VALUES('','Unidad','Botellón de alcohol gel',1,3);
INSERT INTO producto(codProducto, empaque, descripcion, stock, Categoria_idCategoria) VALUES('','Unidad','Cable HDMI',1,3);
INSERT INTO producto(codProducto, empaque, descripcion, stock, Categoria_idCategoria) VALUES('','Unidad','Cable de poder con adaptador',1,3);
INSERT INTO producto(codProducto, empaque, descripcion, stock, Categoria_idCategoria) VALUES('','Unidad','Caja de ojetillos de papel Autoadhesivos',1,3);
INSERT INTO producto(codProducto, empaque, descripcion, stock, Categoria_idCategoria) VALUES('','Unidad','Carpeta pequeña con divisiones',1,3);
INSERT INTO producto(codProducto, empaque, descripcion, stock, Categoria_idCategoria) VALUES('','Unidad','Casco blanco',1,3);
INSERT INTO producto(codProducto, empaque, descripcion, stock, Categoria_idCategoria) VALUES('','Unidad','DVD varios',74,3);
INSERT INTO producto(codProducto, empaque, descripcion, stock, Categoria_idCategoria) VALUES('','Unidad','Cepillo para baño',1,3);
INSERT INTO producto(codProducto, empaque, descripcion, stock, Categoria_idCategoria) VALUES('','Unidad','Chalecos reflectantes',2,3);
INSERT INTO producto(codProducto, empaque, descripcion, stock, Categoria_idCategoria) VALUES('','Unidad','Cinta de seguridad',1,3);
INSERT INTO producto(codProducto, empaque, descripcion, stock, Categoria_idCategoria) VALUES('','Unidad','Cintas para impresora',4,3);
INSERT INTO producto(codProducto, empaque, descripcion, stock, Categoria_idCategoria) VALUES('80922','Unidad','Comprobantes de feriado',2,3);
INSERT INTO producto(codProducto, empaque, descripcion, stock, Categoria_idCategoria) VALUES('','Unidad','Conectores transparentes',98,3);
INSERT INTO producto(codProducto, empaque, descripcion, stock, Categoria_idCategoria) VALUES('','Unidad','Corta cintas (como fill)',4,3);
INSERT INTO producto(codProducto, empaque, descripcion, stock, Categoria_idCategoria) VALUES('','Bolsas x 24','Deslizador techo',2,3);
INSERT INTO producto(codProducto, empaque, descripcion, stock, Categoria_idCategoria) VALUES('','Unidad','Disco de corte grueso',1,3);
INSERT INTO producto(codProducto, empaque, descripcion, stock, Categoria_idCategoria) VALUES('','Unidad','Dispensador de jabon plastico',1,3);
INSERT INTO producto(codProducto, empaque, descripcion, stock, Categoria_idCategoria) VALUES('','Unidad','Gorro blanco genero para el sol',1,3);
INSERT INTO producto(codProducto, empaque, descripcion, stock, Categoria_idCategoria) VALUES('','Par','Guantes de genero blancos',6,3);
INSERT INTO producto(codProducto, empaque, descripcion, stock, Categoria_idCategoria) VALUES('','Par','Guantes de genero naranjas',8,3);
INSERT INTO producto(codProducto, empaque, descripcion, stock, Categoria_idCategoria) VALUES('','Unidad','Herramienta para pc',1,3);
INSERT INTO producto(codProducto, empaque, descripcion, stock, Categoria_idCategoria) VALUES('','Unidad','Hojas de ojetillos',360,3);
INSERT INTO producto(codProducto, empaque, descripcion, stock, Categoria_idCategoria) VALUES('84458','Unidad','Libreta de correspondencia',1,3);
INSERT INTO producto(codProducto, empaque, descripcion, stock, Categoria_idCategoria) VALUES('36076','Unidad','Libros acta',1,3);
INSERT INTO producto(codProducto, empaque, descripcion, stock, Categoria_idCategoria) VALUES('','Unidad','Lijas para esmeril',5,3);
INSERT INTO producto(codProducto, empaque, descripcion, stock, Categoria_idCategoria) VALUES('','Unidad','Mouses',3,3);
INSERT INTO producto(codProducto, empaque, descripcion, stock, Categoria_idCategoria) VALUES('','Unidad','Pack timer',1,3);
INSERT INTO producto(codProducto, empaque, descripcion, stock, Categoria_idCategoria) VALUES('11524','Pqte x 25','Papel calco oficio',1,3);
INSERT INTO producto(codProducto, empaque, descripcion, stock, Categoria_idCategoria) VALUES('','Trozo','Papel carbón',1,3);
INSERT INTO producto(codProducto, empaque, descripcion, stock, Categoria_idCategoria) VALUES('','Unidad','Pega todo',2,3);
INSERT INTO producto(codProducto, empaque, descripcion, stock, Categoria_idCategoria) VALUES('36020','Unidad','Portaminas 0.7 (no se compra)',1,3);
INSERT INTO producto(codProducto, empaque, descripcion, stock, Categoria_idCategoria) VALUES('45682','Unidad','Portaminas 2.0',1,3);
INSERT INTO producto(codProducto, empaque, descripcion, stock, Categoria_idCategoria) VALUES('25266','Unidad','Portatarjetas',1,3);
INSERT INTO producto(codProducto, empaque, descripcion, stock, Categoria_idCategoria) VALUES('','Unidad','Potes plásticos',17,3);
INSERT INTO producto(codProducto, empaque, descripcion, stock, Categoria_idCategoria) VALUES('','Unidad','Repuesto de alcohol gel dispensador',2,3);
INSERT INTO producto(codProducto, empaque, descripcion, stock, Categoria_idCategoria) VALUES('','Unidad','Repuesto para selladora oficina',2,3);
INSERT INTO producto(codProducto, empaque, descripcion, stock, Categoria_idCategoria) VALUES('','Unidad','Rollo de alambre fino',1,3);
INSERT INTO producto(codProducto, empaque, descripcion, stock, Categoria_idCategoria) VALUES('','Pqte.','Rollo de bolsas blancas',1,3);
INSERT INTO producto(codProducto, empaque, descripcion, stock, Categoria_idCategoria) VALUES('','Pqte.','Rollo de bolsas transparentes Chicas TRUPER Esther',11,3);
INSERT INTO producto(codProducto, empaque, descripcion, stock, Categoria_idCategoria) VALUES('','Unidad','Rollo de cable naranja',1,3);
INSERT INTO producto(codProducto, empaque, descripcion, stock, Categoria_idCategoria) VALUES('','Unidad','Rollo de cartulina azul',1,3);
INSERT INTO producto(codProducto, empaque, descripcion, stock, Categoria_idCategoria) VALUES('','Unidad','Rollo de lija abrasiva',1,3);
INSERT INTO producto(codProducto, empaque, descripcion, stock, Categoria_idCategoria) VALUES('','Unidad','Rollo de papel para selladora oficina',1,3);
INSERT INTO producto(codProducto, empaque, descripcion, stock, Categoria_idCategoria) VALUES('','Unidad','Rollo de plástico transparente',1,3);
INSERT INTO producto(codProducto, empaque, descripcion, stock, Categoria_idCategoria) VALUES('','Unidad','Rollos de micron',1,3);
INSERT INTO producto(codProducto, empaque, descripcion, stock, Categoria_idCategoria) VALUES('','Unidad','Rueda para porton ecosa',1,3);
INSERT INTO producto(codProducto, empaque, descripcion, stock, Categoria_idCategoria) VALUES('','Unidad','Sello foliador',1,3);
INSERT INTO producto(codProducto, empaque, descripcion, stock, Categoria_idCategoria) VALUES('','Unidad','Sobres chilexpress S01',9,3);
INSERT INTO producto(codProducto, empaque, descripcion, stock, Categoria_idCategoria) VALUES('','Unidad','Sobres chilexpress S03 (grande)',31,3);
INSERT INTO producto(codProducto, empaque, descripcion, stock, Categoria_idCategoria) VALUES('','Unidad','Tacos calendario',3,3);
INSERT INTO producto(codProducto, empaque, descripcion, stock, Categoria_idCategoria) VALUES('','Unidad','Teclado le falta usb, NO SIRVE',1,3);
INSERT INTO producto(codProducto, empaque, descripcion, stock, Categoria_idCategoria) VALUES('','Unidad','Teclados númericos',1,3);
INSERT INTO producto(codProducto, empaque, descripcion, stock, Categoria_idCategoria) VALUES('','Unidad','Tensionado de flejes de plastico',1,3);
INSERT INTO producto(codProducto, empaque, descripcion, stock, Categoria_idCategoria) VALUES('','Unidad','Timbres madera Nota de crédito',1,3);
INSERT INTO producto(codProducto, empaque, descripcion, stock, Categoria_idCategoria) VALUES('27229','Unidad','Tinta Epson 644 C (no se compra)',1,3);
INSERT INTO producto(codProducto, empaque, descripcion, stock, Categoria_idCategoria) VALUES('27230','Unidad','Tinta Epson 644 M (no se compra)',1,3);
INSERT INTO producto(codProducto, empaque, descripcion, stock, Categoria_idCategoria) VALUES('27231','Unidad','Tinta Epson 644 Y (no se compra)',1,3);
INSERT INTO producto(codProducto, empaque, descripcion, stock, Categoria_idCategoria) VALUES('','Unidad','Tinta premium ink BT5001 C (no se compra)',1,3);
INSERT INTO producto(codProducto, empaque, descripcion, stock, Categoria_idCategoria) VALUES('','Unidad','Tinta premium ink BT5001 M (no se compra)',1,3);
INSERT INTO producto(codProducto, empaque, descripcion, stock, Categoria_idCategoria) VALUES('W1103A','Unidad','Toner HP original 103A (no se compra)',2,3);

/* Inserción artículos aseo */

INSERT INTO producto(codProducto, empaque, descripcion, stock, Categoria_idCategoria) VALUES('18915','Unidad','Ambientales limón arom',1,4);
INSERT INTO producto(codProducto, empaque, descripcion, stock, Categoria_idCategoria) VALUES('77212','Unidad','Antigrasas',2,4);
INSERT INTO producto(codProducto, empaque, descripcion, stock, Categoria_idCategoria) VALUES('12473','Pack x 10','Bolsas de aseo 70x90',4,4);
INSERT INTO producto(codProducto, empaque, descripcion, stock, Categoria_idCategoria) VALUES('','Unidad','Bolsas para aspiradora',3,4);
INSERT INTO producto(codProducto, empaque, descripcion, stock, Categoria_idCategoria) VALUES('80715','Unidad','Cif crema',1,4);
INSERT INTO producto(codProducto, empaque, descripcion, stock, Categoria_idCategoria) VALUES('88833','Unidad','Cloro gel',1,4);
INSERT INTO producto(codProducto, empaque, descripcion, stock, Categoria_idCategoria) VALUES('19878','Unidad','Cloros líquido',0,4);
INSERT INTO producto(codProducto, empaque, descripcion, stock, Categoria_idCategoria) VALUES('91293','Pack x 16','Confort Elite ',7,4);
INSERT INTO producto(codProducto, empaque, descripcion, stock, Categoria_idCategoria) VALUES('84593','Pack x 4','Esponjas amarillas',2,4);
INSERT INTO producto(codProducto, empaque, descripcion, stock, Categoria_idCategoria) VALUES('83119','Unidad','Esponjas de acero fina',8,4);
INSERT INTO producto(codProducto, empaque, descripcion, stock, Categoria_idCategoria) VALUES('81544ME','Par','Guantes multiusos amarillos',10,4);
INSERT INTO producto(codProducto, empaque, descripcion, stock, Categoria_idCategoria) VALUES('12520AA','Unidad','Jabón en barra',2,4);
INSERT INTO producto(codProducto, empaque, descripcion, stock, Categoria_idCategoria) VALUES('','Unidad','Jabón espuma',4,4);
INSERT INTO producto(codProducto, empaque, descripcion, stock, Categoria_idCategoria) VALUES('91753','Unidad','Lavalozas',1,4);
INSERT INTO producto(codProducto, empaque, descripcion, stock, Categoria_idCategoria) VALUES('91632PR','Unidad','Limpiapisos secowash',2,4);
INSERT INTO producto(codProducto, empaque, descripcion, stock, Categoria_idCategoria) VALUES('76901','Unidad','Limpiavidrios',2,4);
INSERT INTO producto(codProducto, empaque, descripcion, stock, Categoria_idCategoria) VALUES('99473','Unidad','Lustramuebles',2,4);
INSERT INTO producto(codProducto, empaque, descripcion, stock, Categoria_idCategoria) VALUES('84980RO','Pack x 6','Paño esponja virutex',1,4);
INSERT INTO producto(codProducto, empaque, descripcion, stock, Categoria_idCategoria) VALUES('83972','Unidad','Paños para sacudir aseo',1,4);
INSERT INTO producto(codProducto, empaque, descripcion, stock, Categoria_idCategoria) VALUES('19982','Unidad','Pastillas para wc',3,4);
INSERT INTO producto(codProducto, empaque, descripcion, stock, Categoria_idCategoria) VALUES('78589','Unidad','Toalla nova',4,4);
INSERT INTO producto(codProducto, empaque, descripcion, stock, Categoria_idCategoria) VALUES('91023','Unidad','Toallas húmedas cloro',2,4);
INSERT INTO producto(codProducto, empaque, descripcion, stock, Categoria_idCategoria) VALUES('86982','Unidad','Traperos piso',5,4);
INSERT INTO producto(codProducto, empaque, descripcion, stock, Categoria_idCategoria) VALUES('','Unidad','Bolsas de aseo 50x70',0,4);

/* Inserción artículos bodega */
INSERT INTO producto(codProducto, empaque, descripcion, stock, Categoria_idCategoria) VALUES('','PQTE.','Barras para soldar 3/32”',2,5);
INSERT INTO producto(codProducto, empaque, descripcion, stock, Categoria_idCategoria) VALUES('','UNIDAD','Botellas de alcohol isopropilico',10,5);
INSERT INTO producto(codProducto, empaque, descripcion, stock, Categoria_idCategoria) VALUES('','UNIDAD','Botellas de diluyente',2,5);
INSERT INTO producto(codProducto, empaque, descripcion, stock, Categoria_idCategoria) VALUES('','UNIDAD','Cinta de embalaje (scotch grande)',30,5);
INSERT INTO producto(codProducto, empaque, descripcion, stock, Categoria_idCategoria) VALUES('','UNIDAD','Cintas “ECOSA”',413,5);
INSERT INTO producto(codProducto, empaque, descripcion, stock, Categoria_idCategoria) VALUES('','UNIDAD','Cintas “FRAGIL”',168,5);
INSERT INTO producto(codProducto, empaque, descripcion, stock, Categoria_idCategoria) VALUES('','UNIDAD','Confort confort rollos individuales',29,5);
INSERT INTO producto(codProducto, empaque, descripcion, stock, Categoria_idCategoria) VALUES('','UNIDAD','Confort industrial',28,5);
INSERT INTO producto(codProducto, empaque, descripcion, stock, Categoria_idCategoria) VALUES('','UNIDAD','Mangas',2,5);
INSERT INTO producto(codProducto, empaque, descripcion, stock, Categoria_idCategoria) VALUES('','UNIDAD','Nova Industrial',6,5);
INSERT INTO producto(codProducto, empaque, descripcion, stock, Categoria_idCategoria) VALUES('','UNIDAD','Nova normal grande (100 metros)',1,5);
INSERT INTO producto(codProducto, empaque, descripcion, stock, Categoria_idCategoria) VALUES('','UNIDAD','Ribbons',17,5);
INSERT INTO producto(codProducto, empaque, descripcion, stock, Categoria_idCategoria) VALUES('','UNIDAD','Rollo etiqueta 1000',7,5);
INSERT INTO producto(codProducto, empaque, descripcion, stock, Categoria_idCategoria) VALUES('','UNIDAD','Rollo etiqueta 10000',3,5);
INSERT INTO producto(codProducto, empaque, descripcion, stock, Categoria_idCategoria) VALUES('','UNIDAD','Rollo etiqueta 2500',4,5);
INSERT INTO producto(codProducto, empaque, descripcion, stock, Categoria_idCategoria) VALUES('','UNIDAD','Rollo etiqueta 500',10,5);
INSERT INTO producto(codProducto, empaque, descripcion, stock, Categoria_idCategoria) VALUES('','UNIDAD','Rollo etiqueta 5000',7,5);
INSERT INTO producto(codProducto, empaque, descripcion, stock, Categoria_idCategoria) VALUES('','UNIDAD','Rollo film',7,5);
INSERT INTO producto(codProducto, empaque, descripcion, stock, Categoria_idCategoria) VALUES('','UNIDAD','Zuncho blanco',2,5);
INSERT INTO producto(codProducto, empaque, descripcion, stock, Categoria_idCategoria) VALUES('','UNIDAD','Zuncho negro',1,5);
